"Journal Data Filtered By:  Selected Categories: ART;ASIAN STUDIES;ASTRONOMY & ASTROPHYSICS;AUDIOLOGY & SPEECH-LANGUAGE PATHOLOGY Selected Editions: SCIE;SSCI;AHCI;ESCI Selected JCR Year: 2022 Selected Category Schema: WOS Selected Open Access: N Indicator: Default"

Journal name,JCR Abbreviation,ISSN,eISSN,Category,Total Citations,2022 JIF,JIF Quartile,2022 JCI,% of OA Gold
"Annual Review of Astronomy and Astrophysics","ANNU REV ASTRON ASTR","0066-4146","1545-4282","ASTRONOMY & ASTROPHYSICS - SCIE","14,851","33.3","Q1","3.69","2.56"%,
"ASTRONOMY AND ASTROPHYSICS REVIEW","ASTRON ASTROPHYS REV","0935-4956","1432-0754","ASTRONOMY & ASTROPHYSICS - SCIE","2,723","25.8","Q1","3.68","54.17"%,
"Living Reviews in Solar Physics","LIVING REV SOL PHYS","2367-3648","1614-4961","ASTRONOMY & ASTROPHYSICS - SCIE","1,880","20.9","Q1","2.85","100"%,
"Annual Review of Earth and Planetary Sciences","ANNU REV EARTH PL SC","0084-6597","1545-4495","ASTRONOMY & ASTROPHYSICS - SCIE","10,778","14.9","Q1","1.69","4.23"%,
"Nature Astronomy","NAT ASTRON","2397-3366","2397-3366","ASTRONOMY & ASTROPHYSICS - SCIE","8,646","14.1","Q1","2.88","5.07"%,
"SPACE SCIENCE REVIEWS","SPACE SCI REV","0038-6308","1572-9672","ASTRONOMY & ASTROPHYSICS - SCIE","16,774","10.3","Q1","1.32","55.32"%,
"ASTROPHYSICAL JOURNAL SUPPLEMENT SERIES","ASTROPHYS J SUPPL S","0067-0049","1538-4365","ASTRONOMY & ASTROPHYSICS - SCIE","34,675","8.7","Q1","1.82","40.54"%,
"Astrophysical Journal Letters","ASTROPHYS J LETT","2041-8205","2041-8213","ASTRONOMY & ASTROPHYSICS - SCIE","45,817","7.9","Q1","1.8","42.15"%,
"ASTRONOMY & ASTROPHYSICS","ASTRON ASTROPHYS","0004-6361","1432-0746","ASTRONOMY & ASTROPHYSICS - SCIE","155,685","6.5","Q1","1.3","37.62"%,
"Journal of Cosmology and Astroparticle Physics","J COSMOL ASTROPART P","1475-7516","1475-7516","ASTRONOMY & ASTROPHYSICS - SCIE","36,232","6.3","Q1","1.49","9.14"%,
"PUBLICATIONS OF THE ASTRONOMICAL SOCIETY OF AUSTRALIA","PUBL ASTRON SOC AUST","1323-3580","1448-6083","ASTRONOMY & ASTROPHYSICS - SCIE","3,428","6.3","Q1","1.11","21.71"%,
"Astrodynamics","ASTRODYNAMICS-CHINA","2522-008X","2522-0098","ASTRONOMY & ASTROPHYSICS - ESCI","701","6.1","N/A","1.42","27.27"%,
"NEW ASTRONOMY REVIEWS","NEW ASTRON REV","1387-6473","1872-9630","ASTRONOMY & ASTROPHYSICS - SCIE","1,224","6","Q1","1.03","31.25"%,
"Physics of the Dark Universe","PHYS DARK UNIVERSE","N/A","2212-6864","ASTRONOMY & ASTROPHYSICS - SCIE","3,583","5.5","Q1","1.24","8.7"%,
"ASTRONOMICAL JOURNAL","ASTRON J","0004-6256","1538-3881","ASTRONOMY & ASTROPHYSICS - SCIE","45,418","5.3","Q1","1.23","36.26"%,
"PHYSICAL REVIEW D","PHYS REV D","2470-0010","2470-0029","ASTRONOMY & ASTROPHYSICS - SCIE","219,627","5","Q1","1.18","57.92"%,
"ASTROPHYSICAL JOURNAL","ASTROPHYS J","0004-637X","1538-4357","ASTRONOMY & ASTROPHYSICS - SCIE","284,848","4.9","Q1","1.07","41.03"%,
"MONTHLY NOTICES OF THE ROYAL ASTRONOMICAL SOCIETY","MON NOT R ASTRON SOC","0035-8711","1365-2966","ASTRONOMY & ASTROPHYSICS - SCIE","213,986","4.8","Q1","1.07","9.69"%,
"PHYSICS LETTERS B","PHYS LETT B","0370-2693","1873-2445","ASTRONOMY & ASTROPHYSICS - SCIE","65,449","4.3","Q2","1.43","95.02"%,
"ASTROBIOLOGY","ASTROBIOLOGY","1531-1074","1557-8070","ASTRONOMY & ASTROPHYSICS - SCIE","5,520","4.2","Q2","0.99","28.31"%,
"Journal of High Energy Astrophysics","J HIGH ENERGY ASTROP","2214-4048","2214-4056","ASTRONOMY & ASTROPHYSICS - SCIE","548","3.8","Q2","0.7","56.32"%,
"EAR AND HEARING","EAR HEARING","0196-0202","1538-4667","AUDIOLOGY & SPEECH-LANGUAGE PATHOLOGY - SCIE","8,831","3.7","Q1","1.79","21.22"%,
"SPACE WEATHER-THE INTERNATIONAL JOURNAL OF RESEARCH AND APPLICATIONS","SPACE WEATHER","N/A","1542-7390","ASTRONOMY & ASTROPHYSICS - SCIE","4,404","3.7","Q2","0.92","74.66"%,
"PUBLICATIONS OF THE ASTRONOMICAL SOCIETY OF THE PACIFIC","PUBL ASTRON SOC PAC","0004-6280","1538-3873","ASTRONOMY & ASTROPHYSICS - SCIE","14,692","3.5","Q2","1.08","22.67"%,
"CLASSICAL AND QUANTUM GRAVITY","CLASSICAL QUANT GRAV","0264-9381","1361-6382","ASTRONOMY & ASTROPHYSICS - SCIE","25,133","3.5","Q2","0.92","17.75"%,
"ASTROPARTICLE PHYSICS","ASTROPART PHYS","0927-6505","1873-2852","ASTRONOMY & ASTROPHYSICS - SCIE","3,596","3.5","Q2","0.82","25.93"%,
"Planetary Science Journal","PLANET SCI J","N/A","2632-3338","ASTRONOMY & ASTROPHYSICS - ESCI","1,525","3.4","N/A","0.75","98.49"%,
"Space: Science & Technology","SPACE-SCI TECH-CHINA","N/A","2692-7659","ASTRONOMY & ASTROPHYSICS - ESCI","116","3.3","N/A","0.79","85.07"%,
"Journal of Space Weather and Space Climate","J SPACE WEATHER SPAC","2115-7251","2115-7251","ASTRONOMY & ASTROPHYSICS - SCIE","1,359","3.3","Q2","0.77","99.36"%,
"ICARUS","ICARUS","0019-1035","1090-2643","ASTRONOMY & ASTROPHYSICS - SCIE","27,888","3.2","Q2","0.83","40.35"%,
"JOURNAL OF CULTURAL HERITAGE","J CULT HERIT","1296-2074","1778-3674","ART - AHCI","5,595","3.1","N/A","2.1","20.83"%,
"Earth and Space Science","EARTH SPACE SCI","N/A","2333-5084","ASTRONOMY & ASTROPHYSICS - SCIE","3,670","3.1","Q2","0.75","77.57"%,
"EXPERIMENTAL ASTRONOMY","EXP ASTRON","0922-6435","1572-9508","ASTRONOMY & ASTROPHYSICS - SCIE","1,538","3","Q2","0.56","55.8"%,
"Frontiers in Astronomy and Space Sciences","FRONT ASTRON SPACE","2296-987X","2296-987X","ASTRONOMY & ASTROPHYSICS - SCIE","1,863","3","Q2","0.55","99.32"%,
"Universe","UNIVERSE-BASEL","N/A","2218-1997","ASTRONOMY & ASTROPHYSICS - SCIE","3,534","2.9","Q2","0.57","99.56"%,
"HEARING RESEARCH","HEARING RES","0378-5955","1878-5891","AUDIOLOGY & SPEECH-LANGUAGE PATHOLOGY - SCIE","11,597","2.8","Q1","1.24","29.57"%,
"JOURNAL OF GEOPHYSICAL RESEARCH-SPACE PHYSICS","J GEOPHYS RES-SPACE","2169-9380","2169-9402","ASTRONOMY & ASTROPHYSICS - SCIE","46,303","2.8","Q2","0.59","17.84"%,
"SOLAR PHYSICS","SOL PHYS","0038-0938","1573-093X","ASTRONOMY & ASTROPHYSICS - SCIE","11,934","2.8","Q2","0.58","26.31"%,
"GENERAL RELATIVITY AND GRAVITATION","GEN RELAT GRAVIT","0001-7701","1572-9532","ASTRONOMY & ASTROPHYSICS - SCIE","7,073","2.8","Q2","0.51","16.08"%,
"Trends in Hearing","TRENDS HEAR","2331-2165","2331-2165","AUDIOLOGY & SPEECH-LANGUAGE PATHOLOGY - SCIE","1,608","2.7","Q1","1.32","90.48"%,
"INTERNATIONAL JOURNAL OF AUDIOLOGY","INT J AUDIOL","1499-2027","1708-8186","AUDIOLOGY & SPEECH-LANGUAGE PATHOLOGY - SCIE","5,892","2.7","Q1","1.03","27.1"%,
"AMERICAN JOURNAL OF SPEECH-LANGUAGE PATHOLOGY","AM J SPEECH-LANG PAT","1058-0360","1558-9110","AUDIOLOGY & SPEECH-LANGUAGE PATHOLOGY - SCIE","4,593","2.6","Q1","1.33","7.04"%,
"JOURNAL OF SPEECH LANGUAGE AND HEARING RESEARCH","J SPEECH LANG HEAR R","1092-4388","1558-9102","AUDIOLOGY & SPEECH-LANGUAGE PATHOLOGY - SCIE","12,118","2.6","Q1","1.23","10.85"%,
"ADVANCES IN SPACE RESEARCH","ADV SPACE RES","0273-1177","1879-1948","ASTRONOMY & ASTROPHYSICS - SCIE","16,672","2.6","Q2","0.73","19.4"%,
"BRAIN AND LANGUAGE","BRAIN LANG","0093-934X","1090-2155","AUDIOLOGY & SPEECH-LANGUAGE PATHOLOGY - SCIE","6,977","2.5","Q2","1.04","11.63"%,
"South Asian Studies","S ASIAN STUD-UK","0266-6030","2153-2699","ASIAN STUDIES - ESCI","197","2.5","N/A","0.73","2.78"%,
"Life Sciences in Space Research","LIFE SCI SPACE RES","2214-5524","2214-5532","ASTRONOMY & ASTROPHYSICS - SCIE","803","2.5","Q3","0.53","36.54"%,
"Astronomy and Computing","ASTRON COMPUT","2213-1337","2213-1345","ASTRONOMY & ASTROPHYSICS - SCIE","1,151","2.5","Q3","0.52","31.32"%,
"Galaxies","GALAXIES","N/A","2075-4434","ASTRONOMY & ASTROPHYSICS - ESCI","1,373","2.5","N/A","0.42","99.69"%,
"LANGUAGE SPEECH AND HEARING SERVICES IN SCHOOLS","LANG SPEECH HEAR SER","0161-1461","1558-9129","AUDIOLOGY & SPEECH-LANGUAGE PATHOLOGY - SCIE","2,546","2.4","Q2","1.19","9.05"%,
"INTERNATIONAL JOURNAL OF LANGUAGE & COMMUNICATION DISORDERS","INT J LANG COMM DIS","1368-2822","1460-6984","AUDIOLOGY & SPEECH-LANGUAGE PATHOLOGY - SCIE","3,507","2.4","Q2","1.15","30.13"%,
"JOURNAL OF THE ACOUSTICAL SOCIETY OF AMERICA","J ACOUST SOC AM","0001-4966","1520-8524","AUDIOLOGY & SPEECH-LANGUAGE PATHOLOGY - SCIE","53,149","2.4","Q2","0.94","20.86"%,
"PLANETARY AND SPACE SCIENCE","PLANET SPACE SCI","0032-0633","1873-5088","ASTRONOMY & ASTROPHYSICS - SCIE","8,817","2.4","Q3","0.48","28.8"%,
"Language Cognition and Neuroscience","LANG COGN NEUROSCI","2327-3798","2327-3801","AUDIOLOGY & SPEECH-LANGUAGE PATHOLOGY - SCIE","1,873","2.3","Q2","0.8","29.33"%,
"PUBLICATIONS OF THE ASTRONOMICAL SOCIETY OF JAPAN","PUBL ASTRON SOC JPN","0004-6264","2053-051X","ASTRONOMY & ASTROPHYSICS - SCIE","6,674","2.3","Q3","0.63","10.76"%,
"JOURNAL OF VOICE","J VOICE","0892-1997","1873-4588","AUDIOLOGY & SPEECH-LANGUAGE PATHOLOGY - SCIE","7,216","2.2","Q2","0.83","3.62"%,
"INTERNATIONAL JOURNAL OF MODERN PHYSICS D","INT J MOD PHYS D","0218-2718","1793-6594","ASTRONOMY & ASTROPHYSICS - SCIE","6,136","2.2","Q3","0.44","1.01"%,
"ACTA ASTRONOMICA","ACTA ASTRONOM","0001-5237","0001-5237","ASTRONOMY & ASTROPHYSICS - SCIE","1,262","2.2","Q3","0.43","0"%,
"JOURNAL OF FLUENCY DISORDERS","J FLUENCY DISORD","0094-730X","1873-801X","AUDIOLOGY & SPEECH-LANGUAGE PATHOLOGY - SCIE","1,543","2.1","Q2","1.17","6.94"%,
"Augmentative and Alternative Communication","AUGMENT ALTERN COMM","0743-4618","1477-3848","AUDIOLOGY & SPEECH-LANGUAGE PATHOLOGY - SCIE","1,552","2","Q3","1.35","13.04"%,
"APHASIOLOGY","APHASIOLOGY","0268-7038","1464-5041","AUDIOLOGY & SPEECH-LANGUAGE PATHOLOGY - SCIE","3,635","2","Q3","0.75","18.39"%,
"NEW ASTRONOMY","NEW ASTRON","1384-1076","1384-1092","ASTRONOMY & ASTROPHYSICS - SCIE","1,987","2","Q3","0.46","8.14"%,
"JOURNAL OF ASIAN STUDIES","J ASIAN STUD","0021-9118","1752-0401","ASIAN STUDIES - AHCI","1,718","1.9","N/A","2.55","0"%,
"ANNALES GEOPHYSICAE","ANN GEOPHYS-GERMANY","0992-7689","1432-0576","ASTRONOMY & ASTROPHYSICS - SCIE","6,000","1.9","Q3","0.41","97.57"%,
"ASTROPHYSICS AND SPACE SCIENCE","ASTROPHYS SPACE SCI","0004-640X","1572-946X","ASTRONOMY & ASTROPHYSICS - SCIE","8,334","1.9","Q3","0.35","5.83"%,
"CoDesign-International Journal of CoCreation in Design and the Arts","CODESIGN","1571-0882","1745-3755","ART - AHCI","1,063","1.8","N/A","4.7","31.82"%,
"International Journal of Speech-Language Pathology","INT J SPEECH-LANG PA","1754-9507","1754-9515","AUDIOLOGY & SPEECH-LANGUAGE PATHOLOGY - SCIE","2,017","1.8","Q3","0.85","11.34"%,
"American Journal of Audiology","AM J AUDIOL","1059-0889","1558-9137","AUDIOLOGY & SPEECH-LANGUAGE PATHOLOGY - SCIE","1,602","1.8","Q3","0.82","8.87"%,
"LANGUAGE AND SPEECH","LANG SPEECH","0023-8309","1756-6053","AUDIOLOGY & SPEECH-LANGUAGE PATHOLOGY - SCIE","1,882","1.8","Q3","0.77","22.5"%,
"Research in Astronomy and Astrophysics","RES ASTRON ASTROPHYS","1674-4527","2397-6209","ASTRONOMY & ASTROPHYSICS - SCIE","3,372","1.8","Q3","0.36","0"%,
"JOURNAL OF COMMUNICATION DISORDERS","J COMMUN DISORD","0021-9924","1873-7994","AUDIOLOGY & SPEECH-LANGUAGE PATHOLOGY - SCIE","2,643","1.7","Q3","0.94","13.92"%,
"Audiology Research","AUDIOL RES","2039-4330","2039-4349","AUDIOLOGY & SPEECH-LANGUAGE PATHOLOGY - ESCI","321","1.7","N/A","0.81","100"%,
"International Journal of Astrobiology","INT J ASTROBIOL","1473-5504","1475-3006","ASTRONOMY & ASTROPHYSICS - SCIE","842","1.7","Q3","0.36","23.24"%,
"AUDIOLOGY AND NEURO-OTOLOGY","AUDIOL NEURO-OTOL","1420-3030","1421-9700","AUDIOLOGY & SPEECH-LANGUAGE PATHOLOGY - SCIE","2,415","1.6","Q3","0.67","22.15"%,
"CELESTIAL MECHANICS & DYNAMICAL ASTRONOMY","CELEST MECH DYN ASTR","0923-2958","1572-9478","ASTRONOMY & ASTROPHYSICS - SCIE","2,962","1.6","Q3","0.42","25.45"%,
"RADIO SCIENCE","RADIO SCI","0048-6604","1944-799X","ASTRONOMY & ASTROPHYSICS - SCIE","5,867","1.6","Q3","0.37","13.59"%,
"International Journal of Design","INT J DES","1991-3761","1994-036X","ART - AHCI","902","1.5","N/A","1.33","0"%,
"Speech Language and Hearing","SPEECH LANG HEARING","2050-571X","2050-5728","AUDIOLOGY & SPEECH-LANGUAGE PATHOLOGY - ESCI","240","1.5","N/A","0.64","3.23"%,
"OBSERVATORY","OBSERVATORY","0029-7704","N/A","ASTRONOMY & ASTROPHYSICS - SCIE","428","1.5","Q3","0.27","2.94"%,
"Contemporary South Asia","CONTEMP SOUTH ASIA","0958-4935","1469-364X","ASIAN STUDIES - AHCI","530","1.4","N/A","1.97","16.81"%,
"JOURNAL OF VISUAL CULTURE","J VIS CULT","1470-4129","1741-2994","ART - AHCI","339","1.4","N/A","1.32","12.07"%,
"Particles","PARTICLES-BASEL","N/A","2571-712X","ASTRONOMY & ASTROPHYSICS - ESCI","197","1.4","N/A","0.52","97.56"%,
"MODERN PHYSICS LETTERS A","MOD PHYS LETT A","0217-7323","1793-6632","ASTRONOMY & ASTROPHYSICS - SCIE","5,365","1.4","Q3","0.48","1.76"%,
"COMPTES RENDUS PHYSIQUE","CR PHYS","1631-0705","1878-1535","ASTRONOMY & ASTROPHYSICS - SCIE","2,602","1.4","Q3","0.29","100"%,
"Advances in Astronomy","ADV ASTRON","1687-7969","1687-7977","ASTRONOMY & ASTROPHYSICS - SCIE","515","1.4","Q3","0.25","98.33"%,
"Museum Worlds","MUS WORLDS","2049-6729","2049-6737","ART - ESCI","52","1.3","N/A","0.51","90.63"%,
"GEOPHYSICAL AND ASTROPHYSICAL FLUID DYNAMICS","GEOPHYS ASTRO FLUID","0309-1929","1029-0419","ASTRONOMY & ASTROPHYSICS - SCIE","1,026","1.3","Q4","0.34","24.14"%,
"Journal of Astronomical Instrumentation","J ASTRON INSTRUM","2251-1717","2251-1725","ASTRONOMY & ASTROPHYSICS - ESCI","421","1.3","N/A","0.3","21.57"%,
"Asian Studies Review","ASIAN STUD REV","1035-7823","1467-8403","ASIAN STUDIES - AHCI","702","1.2","N/A","1.83","6.94"%,
"CLINICAL LINGUISTICS & PHONETICS","CLIN LINGUIST PHONET","0269-9206","1464-5076","AUDIOLOGY & SPEECH-LANGUAGE PATHOLOGY - SCIE","1,918","1.2","Q4","0.64","12.75"%,
"Journal of the American Academy of Audiology","J AM ACAD AUDIOL","1050-0545","2157-3107","AUDIOLOGY & SPEECH-LANGUAGE PATHOLOGY - SCIE","2,868","1.2","Q4","0.61","1.99"%,
"Astrophysical Bulletin","ASTROPHYS BULL","1990-3413","1990-3421","ASTRONOMY & ASTROPHYSICS - SCIE","498","1.2","Q4","0.26","0"%,
"DIGITAL CREATIVITY","DIGIT CREAT","1462-6268","1744-3806","ART - AHCI","357","1.1","N/A","2.12","12.5"%,
"INTERNATIONAL JOURNAL OF ART & DESIGN EDUCATION","INT J ART DES EDUC","1476-8062","1476-8070","ART - AHCI","483","1.1","N/A","1.31","14.74"%,
"Logopedics Phoniatrics Vocology","LOGOP PHONIATR VOCO","1401-5439","1651-2022","AUDIOLOGY & SPEECH-LANGUAGE PATHOLOGY - SCIE","580","1.1","Q4","0.48","26.96"%,
"SOUTH AFRICAN JOURNAL OF COMMUNICATION DISORDERS","S AFR J COMMUN DISOR","0379-8046","2225-4765","AUDIOLOGY & SPEECH-LANGUAGE PATHOLOGY - ESCI","299","1.1","N/A","0.46","94.68"%,
"JOURNAL OF ASTROPHYSICS AND ASTRONOMY","J ASTROPHYS ASTRON","0250-6335","0973-7758","ASTRONOMY & ASTROPHYSICS - SCIE","934","1.1","Q4","0.27","0"%,
"Design Journal","DES J","1460-6925","1756-3062","ART - AHCI","1,064","1","N/A","1.5","18.93"%,
"SEMINARS IN SPEECH AND LANGUAGE","SEMIN SPEECH LANG","0734-0478","1098-9056","AUDIOLOGY & SPEECH-LANGUAGE PATHOLOGY - SCIE","1,005","1","Q4","0.72","2.22"%,
"FOLIA PHONIATRICA ET LOGOPAEDICA","FOLIA PHONIATR LOGO","1021-7762","1421-9972","AUDIOLOGY & SPEECH-LANGUAGE PATHOLOGY - SCIE","1,330","1","Q4","0.64","10.26"%,
"JASA Express Letters","JASA EXPRESS LETT","N/A","2691-1191","AUDIOLOGY & SPEECH-LANGUAGE PATHOLOGY - ESCI","202","1","N/A","0.5","85.12"%,
"Journal of the Korean Astronomical Society","J KOREAN ASTRON SOC","1225-4614","1225-4614","ASTRONOMY & ASTROPHYSICS - SCIE","311","1","Q4","0.3","0"%,
"ASTRONOMY REPORTS","ASTRON REP+","1063-7729","1562-6881","ASTRONOMY & ASTROPHYSICS - SCIE","2,143","1","Q4","0.23","5.14"%,
"REVISTA MEXICANA DE ASTRONOMIA Y ASTROFISICA","REV MEX ASTRON ASTR","0185-1101","N/A","ASTRONOMY & ASTROPHYSICS - SCIE","980","1","Q4","0.17","0"%,
"Asian Studies-Azijske Studije","ASIAN STUD-AZIJSKE S","2232-5131","2350-4226","ASIAN STUDIES - ESCI","128","0.9","N/A","2.7","95.41"%,
"South East Asia Research","SOUTH EAST ASIA RES","0967-828X","2043-6874","ASIAN STUDIES - AHCI","339","0.9","N/A","2.3","10.96"%,
"SOUTH ASIA-JOURNAL OF SOUTH ASIAN STUDIES","S ASIA","0085-6401","1479-0270","ASIAN STUDIES - AHCI","734","0.9","N/A","2.09","9.14"%,
"Art Design & Communication in Higher Education","ART DES COMMUN HIGH","1474-273X","2040-0896","ART - ESCI","121","0.9","N/A","1.67","0"%,
"Review of Religion and Chinese Society","REV RELIG CHINESE SO","2214-3947","2214-3955","ASIAN STUDIES - ESCI","48","0.9","N/A","1.61","6.45"%,
"Journal of Chinese Religions","J CHINESE RELIG","0737-769X","2050-8999","ASIAN STUDIES - ESCI","79","0.9","N/A","1.28","0"%,
"International Journal of Taiwan Studies","INT J TAIWAN STUD","2468-8797","2468-8800","ASIAN STUDIES - ESCI","50","0.9","N/A","1.07","5.66"%,
"PHONETICA","PHONETICA","0031-8388","1423-0321","AUDIOLOGY & SPEECH-LANGUAGE PATHOLOGY - SCIE","837","0.9","Q4","0.64","19.15"%,
"Gravitation & Cosmology","GRAVIT COSMOL-RUSSIA","0202-2893","1995-0721","ASTRONOMY & ASTROPHYSICS - SCIE","609","0.9","Q4","0.22","0"%,
"ASTRONOMISCHE NACHRICHTEN","ASTRON NACHR","0004-6337","1521-3994","ASTRONOMY & ASTROPHYSICS - SCIE","2,146","0.9","Q4","0.2","16.48"%,
"ASTRONOMY LETTERS-A JOURNAL OF ASTRONOMY AND SPACE ASTROPHYSICS","ASTRON LETT+","1063-7737","1562-6873","ASTRONOMY & ASTROPHYSICS - SCIE","1,237","0.9","Q4","0.2","0.45"%,
"SOLAR SYSTEM RESEARCH","SOLAR SYST RES+","0038-0946","1608-3423","ASTRONOMY & ASTROPHYSICS - SCIE","697","0.9","Q4","0.17","1.98"%,
"Artificial Satellites-Journal of Planetary Geodesy","ARTIF SATELL","0208-841X","2083-6104","ASTRONOMY & ASTROPHYSICS - ESCI","154","0.9","N/A","0.14","87.5"%,
"EARTH MOON AND PLANETS","EARTH MOON PLANETS","0167-9295","1573-0794","ASTRONOMY & ASTROPHYSICS - SCIE","637","0.9","Q4","0.14","11.76"%,
"Journal of Chinese History","J CHINESE HIST","2059-1632","2059-1640","ASIAN STUDIES - ESCI","72","0.8","N/A","2.53","22.06"%,
"BRITISH JOURNAL OF AESTHETICS","BRIT J AESTHET","0007-0904","1468-2842","ART - AHCI","635","0.8","N/A","2.27","22.11"%,
"JOURNAL OF AESTHETICS AND ART CRITICISM","J AESTHET ART CRITIC","0021-8529","1540-6245","ART - AHCI","1,249","0.8","N/A","1.9","14.91"%,
"International Journal of Conservation Science","INT J CONSERV SCI","2067-533X","2067-8223","ART - ESCI","691","0.8","N/A","1.85","0"%,
"Rock Art Research","ROCK ART RES","0813-0426","0813-0426","ART - AHCI","218","0.8","N/A","1.45","0"%,
"South Asia Research","SOUTH ASIA RES","0262-7280","1741-3141","ASIAN STUDIES - ESCI","236","0.8","N/A","1.28","7.35"%,
"East Asian Science Technology and Society-An International Journal","E ASIAN SCI TECH SOC","1875-2160","1875-2152","ASIAN STUDIES - AHCI","333","0.8","N/A","1.24","34.83"%,
"STUDIES IN CONSERVATION","STUD CONSERV","0039-3630","2047-0584","ART - AHCI","1,977","0.8","N/A","0.64","16.25"%,
"CoDAS","CODAS","2317-1782","2317-1782","AUDIOLOGY & SPEECH-LANGUAGE PATHOLOGY - ESCI","952","0.8","N/A","0.23","90.35"%,
"ASTRONOMY & GEOPHYSICS","ASTRON GEOPHYS","1366-8781","1468-4004","ASTRONOMY & ASTROPHYSICS - SCIE","322","0.8","Q4","0.1","1.45"%,
"Art & Perception","ART PERCEPT","2213-4905","2213-4913","ART - ESCI","77","0.7","N/A","2.02","20.45"%,
"Design and Culture","DES CULT","1754-7075","1754-7083","ART - AHCI","256","0.7","N/A","1.93","14.75"%,
"ART BULLETIN","ART BULL","0004-3079","1559-6478","ART - AHCI","826","0.7","N/A","1.19","0"%,
"Grafica-Journal of Graphic Design","GRAFICA","2014-9298","2014-9298","ART - ESCI","26","0.7","N/A","0.97","89.74"%,
"BIJDRAGEN TOT DE TAAL- LAND- EN VOLKENKUNDE","BIJDR TAAL-LAND-V","0006-2294","2213-4379","ASIAN STUDIES - AHCI","311","0.7","N/A","0.87","66.67"%,
"Afghanistan","AFGHANISTAN-UK","2399-357X","2399-3588","ASIAN STUDIES - ESCI","53","0.7","N/A","0.75","0"%,
"Noise & Health","NOISE HEALTH","1463-1741","1998-4030","AUDIOLOGY & SPEECH-LANGUAGE PATHOLOGY - SCIE","1,580","0.7","Q4","0.31","5.13"%,
"Hearing Balance and Communication","HEARING BALANC COMMU","2169-5717","2169-5725","AUDIOLOGY & SPEECH-LANGUAGE PATHOLOGY - ESCI","206","0.7","N/A","0.26","2.14"%,
"Open Astronomy","OPEN ASTRON","N/A","2543-6376","ASTRONOMY & ASTROPHYSICS - SCIE","125","0.7","Q4","0.13","93.94"%,
"International Journal of Asian Studies","INT J ASIAN STUD","1479-5914","1479-5922","ASIAN STUDIES - AHCI","85","0.6","N/A","2.02","32.1"%,
"Asian Ethnology","ASIAN ETHNOL","1882-6865","1882-6865","ASIAN STUDIES - AHCI","123","0.6","N/A","1.45","0"%,
"JOURNAL OF SOUTHEAST ASIAN STUDIES","J SOUTHEAST ASIAN ST","0022-4634","1474-0680","ASIAN STUDIES - AHCI","594","0.6","N/A","1.25","0"%,
"ASIAN PHILOSOPHY","ASIAN PHILOS","0955-2367","1469-2961","ASIAN STUDIES - AHCI","265","0.6","N/A","1.1","4.76"%,
"JOURNAL OF NEAR EASTERN STUDIES","J NEAR EASTERN STUD","0022-2968","1545-6978","ASIAN STUDIES - AHCI","400","0.6","N/A","0.96","1.89"%,
"METROPOLITAN MUSEUM OF ART BULLETIN","METROPOL MUS ART B","0026-1521","2325-6915","ART - AHCI","126","0.6","N/A","0.22","0"%,
"COSMIC RESEARCH","COSMIC RES+","0010-9525","1608-3075","ASTRONOMY & ASTROPHYSICS - SCIE","608","0.6","Q4","0.16","5.45"%,
"Scientia Sinica-Physica Mechanica & Astronomica","SCI SIN-PHYS MECH AS","1674-7275","2095-9478","ASTRONOMY & ASTROPHYSICS - ESCI","627","0.6","N/A","0.12","0.74"%,
"Romanian Astronomical Journal","ROM ASTRON J","1220-5168","2285-3758","ASTRONOMY & ASTROPHYSICS - ESCI","42","0.6","N/A","0.1","0"%,
"Indonesia and the Malay World","INDONES MALAY WORLD","1363-9811","1469-8382","ASIAN STUDIES - AHCI","263","0.5","N/A","1.4","10"%,
"Arte Individuo y Sociedad","ARTE INDIVIDUO SOC","1131-5598","1988-2408","ART - AHCI","301","0.5","N/A","1.06","85.51"%,
"ZEITSCHRIFT DES DEUTSCHEN PALASTINA-VEREINS","Z DEUT PALASTINA-VER","0012-1169","N/A","ASIAN STUDIES - AHCI","149","0.5","N/A","0.99","0"%,
"South Asian History and Culture","SOUTH ASIAN HIST CUL","1947-2498","1947-2501","ASIAN STUDIES - ESCI","208","0.5","N/A","0.87","14.29"%,
"ARCHIVES OF ASIAN ART","ARCH ASIAN ART","0066-6637","1944-6497","ART - AHCI","60","0.5","N/A","0.84","0"%,
"ARCHIVES OF ASIAN ART","ARCH ASIAN ART","0066-6637","1944-6497","ASIAN STUDIES - AHCI","60","0.5","N/A","0.84","0"%,
"Observar","OBSERVAR","1988-5105","1988-5105","ART - ESCI","14","0.5","N/A","0.74","0"%,
"PHILOSOPHY EAST & WEST","PHILOS EAST WEST","0031-8221","1529-1898","ASIAN STUDIES - AHCI","837","0.5","N/A","0.69","0"%,
"Inter-Asia Cultural Studies","INTER-ASIA CULT STUD","1464-9373","1469-8447","ASIAN STUDIES - AHCI","487","0.5","N/A","0.54","3.13"%,
"Tang Studies","TANG STUD","0737-5034","1759-7633","ASIAN STUDIES - ESCI","39","0.5","N/A","0.51","8.33"%,
"ART HISTORY","ART HIST","0141-6790","1467-8365","ART - AHCI","445","0.5","N/A","0.49","11.86"%,
"ART JOURNAL","ART J","0004-3249","2325-5307","ART - AHCI","361","0.5","N/A","0.37","0"%,
"Communication Sciences and Disorders-CSD","COMMUN SCI DISORD-CS","2288-1328","2288-0917","AUDIOLOGY & SPEECH-LANGUAGE PATHOLOGY - ESCI","316","0.5","N/A","0.24","98.95"%,
"Auditory and Vestibular Research","AUDIT VESTIB RES","N/A","2423-480X","AUDIOLOGY & SPEECH-LANGUAGE PATHOLOGY - ESCI","66","0.5","N/A","0.19","77.36"%,
"Journal of Astronomy and Space Sciences","J ASTRON SPACE SCI","2093-5587","2093-1409","ASTRONOMY & ASTROPHYSICS - ESCI","217","0.5","N/A","0.12","100"%,
"ASTROPHYSICS","ASTROPHYSICS+","0571-7256","1573-8191","ASTRONOMY & ASTROPHYSICS - SCIE","393","0.5","Q4","0.11","0"%,
"Serbian Astronomical Journal","SERB ASTRON J","1450-698X","1820-9289","ASTRONOMY & ASTROPHYSICS - SCIE","115","0.5","Q4","0.11","100"%,
"Contributions of the Astronomical Observatory Skalnate Pleso","CONTRIB ASTRON OBS S","1335-1842","1336-0337","ASTRONOMY & ASTROPHYSICS - SCIE","206","0.5","Q4","0.1","100"%,
"Kinematics and Physics of Celestial Bodies","KINEMAT PHYS CELEST+","0884-5913","1934-8401","ASTRONOMY & ASTROPHYSICS - SCIE","152","0.5","Q4","0.1","0"%,
"ARTS OF ASIA","ART ASIA","0004-4083","N/A","ART - AHCI","31","0.5","N/A","0.01","0"%,
"ARTS OF ASIA","ART ASIA","0004-4083","N/A","ASIAN STUDIES - AHCI","31","0.5","N/A","0.01","0"%,
"GESTA-INTERNATIONAL CENTER OF MEDIEVAL ART","GESTA","0016-920X","2169-3099","ART - AHCI","181","0.4","N/A","1.44","0"%,
"JOURNAL OF ASIAN HISTORY","J ASIAN HIST","0021-910X","0021-910X","ASIAN STUDIES - AHCI","78","0.4","N/A","1.13","0"%,
"BULLETIN OF THE SCHOOL OF ORIENTAL AND AFRICAN STUDIES-UNIVERSITY OF LONDON","B SCH ORIENT AFR ST","0041-977X","1474-0699","ASIAN STUDIES - AHCI","591","0.4","N/A","1.09","44.44"%,
"Sikh Formations-Religion Culture Theory","SIKH FORM","1744-8727","1744-8735","ASIAN STUDIES - ESCI","132","0.4","N/A","1","3.85"%,
"Craft Research","CRAFT RES","2040-4689","2040-4697","ART - ESCI","75","0.4","N/A","0.98","13.33"%,
"TOUNG PAO","TOUNG PAO","0082-5433","N/A","ASIAN STUDIES - AHCI","325","0.4","N/A","0.95","2.13"%,
"European Journal of Media Art and Photography","EUR J MED PHOTOGR","1339-4940","1339-4940","ART - ESCI","19","0.4","N/A","0.94","0"%,
"Muqarnas-An Annual on the Visual Cultures of the Islamic World","MUQARNAS","0732-2992","2211-8993","ART - AHCI","331","0.4","N/A","0.88","7.32"%,
"Journal of Korean Religions","J KOREAN RELIG","2093-7288","2167-2040","ASIAN STUDIES - AHCI","57","0.4","N/A","0.86","0"%,
"Dao-A Journal of Comparative Philosophy","DAO","1540-3009","1569-7274","ASIAN STUDIES - AHCI","256","0.4","N/A","0.73","2.22"%,
"JOURNAL OF CHINESE PHILOSOPHY","J CHINESE PHILOS","0301-8121","1540-6253","ASIAN STUDIES - AHCI","288","0.4","N/A","0.69","8"%,
"Journal of Contemporary Chinese Art","J CONTEMP CHIN ART","2051-7041","2051-705X","ART - ESCI","27","0.4","N/A","0.68","2.63"%,
"Images","IMAGES","1871-7993","1871-8000","ART - ESCI","35","0.4","N/A","0.64","0"%,
"Taida Journal of Art History","TAIDA J ART HIST","1023-2095","N/A","ART - AHCI","15","0.4","N/A","0.6","0"%,
"KOREA JOURNAL","KOREA J","0023-3900","0023-3900","ASIAN STUDIES - AHCI","223","0.4","N/A","0.57","0"%,
"Bulgarian Astronomical Journal","BULG ASTRON J","1313-2709","1314-5592","ASTRONOMY & ASTROPHYSICS - ESCI","66","0.4","N/A","0.07","0"%,
"Space Science and Technology-Kosmicna Nauka i Tehnologia","SPACE SCI TECHNOL","1561-8889","2518-1459","ASTRONOMY & ASTROPHYSICS - ESCI","117","0.4","N/A","0.05","0"%,
"EASTERN BUDDHIST","EASTERN BUDDHIST","0012-8708","N/A","ASIAN STUDIES - AHCI","112","0.4","N/A","0","0"%,
"Early China","EARLY CHINA","0362-5028","2325-2324","ASIAN STUDIES - AHCI","116","0.3","N/A","1.23","21.62"%,
"Korean Studies","KOREAN STUD","0145-840X","1529-1529","ASIAN STUDIES - ESCI","100","0.3","N/A","1.07","0"%,
"LEONARDO","LEONARDO","0024-094X","1530-9282","ART - AHCI","778","0.3","N/A","0.96","8.71"%,
"MUSEUM INTERNATIONAL","MUSEUM INT","1350-0775","1468-0033","ART - AHCI","439","0.3","N/A","0.96","1.09"%,
"JOURNAL OF THE ROYAL ASIATIC SOCIETY","J ROY ASIATIC SOC","1356-1863","1474-0591","ASIAN STUDIES - AHCI","612","0.3","N/A","0.91","24.49"%,
"Journal of Korean Studies","J KOREAN STUD","0731-1613","2158-1665","ASIAN STUDIES - AHCI","131","0.3","N/A","0.9","0"%,
"Positions-Asia Critique","POSITIONS-ASIA CRIT","1067-9847","1527-8271","ASIAN STUDIES - AHCI","185","0.3","N/A","0.89","0"%,
"JOURNAL OF INDIAN PHILOSOPHY","J INDIAN PHILOS","0022-1791","1573-0395","ASIAN STUDIES - AHCI","334","0.3","N/A","0.74","25.23"%,
"ARTIBUS ASIAE","ARTIBUS ASIAE","0004-3648","N/A","ART - AHCI","151","0.3","N/A","0.73","0"%,
"ARTIBUS ASIAE","ARTIBUS ASIAE","0004-3648","N/A","ASIAN STUDIES - AHCI","151","0.3","N/A","0.73","0"%,
"Art Documentation","ART DOC","0730-7187","2161-9417","ART - ESCI","106","0.3","N/A","0.71","0"%,
"ISLAM-ZEITSCHRIFT FUR GESCHICHTE UND KULTUR DES ISLAMISCHEN ORIENTS","ISLAM","0021-1818","1613-0928","ASIAN STUDIES - AHCI","289","0.3","N/A","0.69","6.98"%,
"JOURNAL OF THE AMERICAN ORIENTAL SOCIETY","J AM ORIENTAL SOC","0003-0279","2169-2289","ASIAN STUDIES - AHCI","867","0.3","N/A","0.69","0"%,
"Estetika-The European Journal of Aesthetics","ESTETIKA","N/A","2571-0915","ART - AHCI","43","0.3","N/A","0.68","100"%,
"Iranian Studies","IRAN STUD-UK","0021-0862","1475-4819","ASIAN STUDIES - AHCI","486","0.3","N/A","0.68","2.7"%,
"International Communication of Chinese Culture","INT COMMUN CHIN CULT","2197-4233","2197-4241","ASIAN STUDIES - ESCI","54","0.3","N/A","0.61","18.92"%,
"South Asian Popular Culture","S ASIAN POPUL CULT","1474-6689","1474-6697","ASIAN STUDIES - ESCI","127","0.3","N/A","0.6","6.85"%,
"Journal of Song-Yuan Studies","J SONG-YUAN STUD","1059-3152","2154-6665","ASIAN STUDIES - AHCI","73","0.3","N/A","0.54","0"%,
"KONSTHISTORISK TIDSKRIFT","KONSTHIST TIDSKR","0023-3609","1651-2294","ART - AHCI","49","0.3","N/A","0.54","47.22"%,
"OUD HOLLAND","OUD HOLLAND","N/A","1875-0176","ART - AHCI","78","0.3","N/A","0.52","0"%,
"Photography and Culture","PHOTOGR CULT","1751-4517","1751-4525","ART - AHCI","102","0.3","N/A","0.52","16.44"%,
"JOURNAL OF CHINESE LINGUISTICS","J CHINESE LINGUIST","0091-3723","0091-3723","ASIAN STUDIES - AHCI","252","0.3","N/A","0.46","0"%,
"Journal of Modern Craft","J MOD CRAFT","1749-6772","1749-6780","ART - AHCI","66","0.3","N/A","0.46","11.11"%,
"Nka-Journal of Contemporary African Art","NKA","1075-7163","2152-7792","ART - ESCI","47","0.3","N/A","0.46","0"%,
"Iran-Journal of the British Institute of Persian Studies","IRAN","0578-6967","2396-9202","ASIAN STUDIES - AHCI","320","0.3","N/A","0.45","13.64"%,
"AFRICAN ARTS","AFR ARTS","0001-9933","1937-2108","ART - AHCI","257","0.3","N/A","0.44","3.33"%,
"ASIAN MUSIC","ASIAN MUSIC","0044-9202","1553-5630","ASIAN STUDIES - AHCI","191","0.3","N/A","0.44","0"%,
"Ming Studies","MING STUD","0147-037X","1759-7595","ASIAN STUDIES - ESCI","30","0.3","N/A","0.43","8.33"%,
"ArDIn-Arte Diseno e Ingenieria","ARDIN","2254-8319","2254-8319","ART - ESCI","4","0.3","N/A","0.39","56.52"%,
"Archipel-Etudes interdisciplinaires sur le monde insulindien","ARCHIPEL","0044-8613","2104-3655","ASIAN STUDIES - AHCI","163","0.3","N/A","0.37","0"%,
"CONTEMPORARY CHINESE THOUGHT","CONTEMP CHIN THOUGHT","1097-1467","1558-0997","ASIAN STUDIES - AHCI","51","0.3","N/A","0.22","0"%,
"SOURCE-NOTES IN THE HISTORY OF ART","SOURCE-NOTE HIST ART","0737-4453","2328-207X","ART - AHCI","133","0.3","N/A","0.1","0"%,
"CAPjournal","CAPJOURNAL","1996-5621","1996-563X","ASTRONOMY & ASTROPHYSICS - ESCI","28","0.3","N/A","0.03","3.23"%,
"INDO-IRANIAN JOURNAL","INDO-IRAN J","0019-7246","1572-8536","ASIAN STUDIES - AHCI","100","0.2","N/A","1.21","40"%,
"Visual Inquiry-Learning & Teaching Art","VIS INQ","2045-5879","2045-5887","ART - ESCI","25","0.2","N/A","1.2","0"%,
"Nan Nu-Men Women and Gender in China","NAN NU","1387-6805","1568-5268","ASIAN STUDIES - AHCI","88","0.2","N/A","0.99","3.85"%,
"Journal of Chinese Literature and Culture","J CHIN LIT CULT","2329-0048","2329-0056","ASIAN STUDIES - AHCI","46","0.2","N/A","0.73","0"%,
"Revue d Etudes Tibetaines","REV ETUDES TIBET","1768-2959","1768-2959","ASIAN STUDIES - ESCI","82","0.2","N/A","0.71","0"%,
"Third Text","THIRD TEXT","0952-8822","1475-5297","ART - AHCI","388","0.2","N/A","0.66","5.5"%,
"JOURNAL OF GLASS STUDIES","J GLASS STUD","0075-4250","N/A","ART - AHCI","257","0.2","N/A","0.65","0"%,
"Journal of Visual Art and Design","J VIS ART DES","2337-5795","2338-5480","ART - ESCI","11","0.2","N/A","0.6","86.67"%,
"JOURNAL OF SEMITIC STUDIES","J SEMITIC STUD","0022-4480","1477-8556","ASIAN STUDIES - AHCI","186","0.2","N/A","0.58","6.1"%,
"JOURNAL OF THE WARBURG AND COURTAULD INSTITUTES","J WARBURG COURTAULD","0075-4390","2044-0014","ART - AHCI","390","0.2","N/A","0.55","0"%,
"Monumenta Serica-Journal of Oriental Studies","MONUM SER-J ORIENT S","0254-9948","2057-1690","ASIAN STUDIES - ESCI","139","0.2","N/A","0.55","3.92"%,
"MASTER DRAWINGS","MASTER DRAWINGS","0025-5025","N/A","ART - AHCI","80","0.2","N/A","0.54","0"%,
"ASIAN THEATRE JOURNAL","ASIAN THEATRE J","0742-5457","1527-2109","ASIAN STUDIES - AHCI","111","0.2","N/A","0.52","0"%,
"Journal of Design History","J DES HIST","0952-4649","1741-7279","ART - AHCI","209","0.2","N/A","0.51","12.12"%,
"MUSLIM WORLD","MUSLIM WORLD","0027-4909","1478-1913","ASIAN STUDIES - AHCI","446","0.2","N/A","0.51","10.11"%,
"Bioscope-South Asian Screen Studies","BIOSCOPE","0974-9276","0976-352X","ASIAN STUDIES - AHCI","86","0.2","N/A","0.49","7.69"%,
"Acta Orientalia Academiae Scientiarum Hungaricae","ACTA ORIENT ACAD SCI","1588-2667","0001-6446","ASIAN STUDIES - AHCI","146","0.2","N/A","0.47","24.1"%,
"HISTORY OF PHOTOGRAPHY","HIST PHOTOGR","0308-7298","2150-7295","ART - AHCI","201","0.2","N/A","0.47","13.64"%,
"American Art","AM ART","1073-9300","1549-6503","ART - AHCI","130","0.2","N/A","0.46","0"%,
"Boletin del Museo Chileno de Arte Precolombino","B MUS CHIL ARTE PREC","0716-1530","0718-6894","ART - AHCI","176","0.2","N/A","0.45","17.02"%,
"BURLINGTON MAGAZINE","BURLINGTON MAG","0007-6287","2044-9925","ART - AHCI","511","0.2","N/A","0.43","0"%,
"Museon","MUSEON","0771-6494","1783-158X","ASIAN STUDIES - AHCI","120","0.2","N/A","0.4","0"%,
"Journal of Contemporary Painting","J CONTEMP PAINTING","2052-6695","2052-6709","ART - ESCI","8","0.2","N/A","0.39","0"%,
"ARTMargins","ARTMARGINS-CAMBRIDGE","2162-2574","2162-2582","ART - AHCI","25","0.2","N/A","0.38","2.33"%,
"Art-Sanat","ART-SANAT","N/A","2148-3582","ART - ESCI","28","0.2","N/A","0.36","76.58"%,
"ESPES-The Slovak Journal of Aesthetics","ESPES","N/A","1339-1119","ART - ESCI","10","0.2","N/A","0.36","0"%,
"Philosophy of Photography","PHILOS PHOTOGR","2040-3682","2040-3690","ART - ESCI","20","0.2","N/A","0.36","0"%,
"ZEITSCHRIFT FUR KUNSTGESCHICHTE","Z KUNSTGESCHICHTE","0044-2992","2569-1619","ART - AHCI","110","0.2","N/A","0.35","1.79"%,
"EARI-Educacion Artistica-Revista de Investigacion","EARI-EDUC ARTIST-REV","1695-8403","2254-7592","ART - ESCI","26","0.2","N/A","0.34","100"%,
"Netherlands Yearbook for History of Art-Nederlands Kunsthistorisch Jaarboek","NETH YEARB HIST ART","0169-6726","2214-5966","ART - AHCI","80","0.2","N/A","0.34","6.82"%,
"East Asian Publishing and Society","EAST ASIAN PUBL SOC","2210-6278","2210-6286","ASIAN STUDIES - ESCI","12","0.2","N/A","0.3","0"%,
"PRINT QUARTERLY","PRINT Q","0265-8305","N/A","ART - AHCI","80","0.2","N/A","0.29","0"%,
"Acta Koreana","ACTA KOREANA","1520-7412","N/A","ASIAN STUDIES - AHCI","68","0.2","N/A","0.26","0"%,
"Studies in Chinese Religions","STUD CHINESE RELIG","2372-9988","2372-9996","ASIAN STUDIES - ESCI","32","0.2","N/A","0.26","5.36"%,
"ARCHIVO ESPANOL DE ARTE","ARCH ESPAN ART","0004-0428","1988-8511","ART - AHCI","192","0.2","N/A","0.25","90.79"%,
"Ars Judaica-The Bar Ilan Journal of Jewish Art","ARS JUDAICA","1565-6721","2516-4252","ART - ESCI","22","0.2","N/A","0.22","0"%,
"Public-Art Culture Ideas","PUBLIC","0845-4450","2048-6928","ART - ESCI","58","0.2","N/A","0.17","0"%,
"Journal of Astronomical History and Heritage","J ASTRON HIST HERIT","1440-2807","1440-2807","ASTRONOMY & ASTROPHYSICS - ESCI","75","0.2","N/A","0.16","0"%,
"RACAR-REVUE D ART CANADIENNE-CANADIAN ART REVIEW","RACAR","0315-9906","1918-4778","ART - ESCI","36","0.2","N/A","0.16","34.48"%,
"Arte y Politicas de Identidad","ARTE POLIT IDENTIDAD","1889-979X","1989-8452","ART - ESCI","33","0.2","N/A","0.15","33.33"%,
"Nineteenth-Century Art Worldwide","NINET-CENT ART WORLD","N/A","1543-1002","ART - ESCI","35","0.2","N/A","0.14","90.32"%,
"Modern Chinese Literature and Culture","MOD CHIN LIT CULT","1520-9857","2328-966X","ASIAN STUDIES - AHCI","115","0.2","N/A","0.13","0"%,
"MONUMENTA NIPPONICA","MONUM NIPPON","0027-0741","1880-1390","ASIAN STUDIES - AHCI","170","0.2","N/A","0.1","0"%,
"Espacio Tiempo y Forma Serie VII-Historia del Arte","ESPAC TIEMPO FOR VII","1130-4715","2340-1478","ART - ESCI","90","0.2","N/A","0.07","18.84"%,
"Kunstiteaduslikke Uurimusi","KUNSTITEADUS UURIMUS","1406-2860","N/A","ART - AHCI","21","0.2","N/A","0.07","0"%,
"Sungkyun Journal of East Asian Studies","SUNGKYUN J EAST ASIA","1598-2661","N/A","ASIAN STUDIES - AHCI","43","0.1","N/A","0.95","66.67"%,
"Chinese Literature Today","CHIN LIT TODAY","2151-4399","2156-8634","ASIAN STUDIES - ESCI","31","0.1","N/A","0.73","0"%,
"Ming Qing Yanjiu","MING QING YANJIU","1724-8574","2468-4791","ASIAN STUDIES - ESCI","18","0.1","N/A","0.71","8.33"%,
"JOURNAL OF ARABIC LITERATURE","J ARABIC LIT","0085-2376","1570-064X","ASIAN STUDIES - AHCI","115","0.1","N/A","0.64","12.5"%,
"Moussons-Recherche en Sciences Humaines sur l Asie du Sud-Est","MOUSSONS","1620-3224","2262-8363","ASIAN STUDIES - ESCI","55","0.1","N/A","0.61","63.27"%,
"Prism-Theory and Modern Chinese Literature","PRISM-THEOR MOD CHIN","2578-3491","2578-3505","ASIAN STUDIES - ESCI","15","0.1","N/A","0.58","100"%,
"ZEITSCHRIFT DER DEUTSCHEN MORGENLANDISCHEN GESELLSCHAFT","Z DEUT MORGENLAND G","0341-0137","0341-0137","ASIAN STUDIES - AHCI","147","0.1","N/A","0.46","0"%,
"European Journal of Korean Studies","EUR J KOREAN STUD","2631-4134","2516-5399","ASIAN STUDIES - ESCI","11","0.1","N/A","0.4","0"%,
"Journal of Chinese Military History","J CHINESE MIL HIST","2212-7445","2212-7453","ASIAN STUDIES - ESCI","14","0.1","N/A","0.37","0"%,
"ASIANetwork Exchange-A Journal for Asian Studies in the Liberal Arts","ASIANETWORK EXCH","1943-9938","1943-9946","ASIAN STUDIES - ESCI","30","0.1","N/A","0.35","72.73"%,
"Sculpture Journal","SCULPT J","1366-2724","1756-9923","ART - AHCI","31","0.1","N/A","0.33","0"%,
"Getty Research Journal","GETTY RES J","1944-8740","2329-1249","ART - AHCI","23","0.1","N/A","0.32","0"%,
"Journal Asiatique","J ASIATIQUE","0021-762X","1783-1504","ASIAN STUDIES - AHCI","130","0.1","N/A","0.29","0"%,
"OXFORD ART JOURNAL","OXFORD ART J","0142-6540","1741-7287","ART - AHCI","201","0.1","N/A","0.28","7.46"%,
"Japan Review","JPN REV","0915-0986","2434-3129","ASIAN STUDIES - ESCI","98","0.1","N/A","0.27","0"%,
"RIHA Journal","RIHA J","2190-3328","2190-3328","ART - AHCI","21","0.1","N/A","0.26","0"%,
"De Arte","DE ARTE","0004-3389","2471-4100","ART - ESCI","29","0.1","N/A","0.25","3.33"%,
"Early Medieval China","EARLY MEDIEV CHINA","1529-9104","1946-7842","ASIAN STUDIES - AHCI","33","0.1","N/A","0.25","6.25"%,
"Eikon Imago","EIKON IMAGO","2254-8718","2254-8718","ART - ESCI","20","0.1","N/A","0.25","58.33"%,
"METROPOLITAN MUSEUM JOURNAL","METROPOL MUSEUM J","0077-8958","2169-3072","ART - AHCI","65","0.1","N/A","0.25","0"%,
"Anales de Historia del Arte","AN HIST ARTE","0214-6452","1988-2491","ART - ESCI","73","0.1","N/A","0.23","96.97"%,
"Baltic Journal of Art History","BALT J ART HIST","1736-8812","2346-5581","ART - ESCI","14","0.1","N/A","0.23","50"%,
"Radovi Instituta za Povijest Umjetnosti-Journal of the Institute of Art History","RADOVI I POVIJEST UM","0350-3437","1845-4534","ART - ESCI","19","0.1","N/A","0.23","97.78"%,
"West 86th-A Journal of Decorative Arts Design History and Material Culture","WEST 86TH","2153-5531","2153-5558","ART - ESCI","52","0.1","N/A","0.23","0"%,
"ARS Orientalis","ARS ORIENTALIS","0571-1371","N/A","ART - AHCI","172","0.1","N/A","0.22","0"%,
"ARS Orientalis","ARS ORIENTALIS","0571-1371","N/A","ASIAN STUDIES - AHCI","172","0.1","N/A","0.22","0"%,
"CHINESE STUDIES IN HISTORY","CHINESE STUD HIST","0009-4633","1558-0407","ASIAN STUDIES - AHCI","61","0.1","N/A","0.22","0"%,
"Frontiers of Literary Studies in China","FRONT LIT STUD CHINA","1673-7318","1673-7423","ASIAN STUDIES - ESCI","46","0.1","N/A","0.21","0"%,
"Rijksmuseum Bulletin","RIJKSMUS BULL","1877-8127","N/A","ART - AHCI","20","0.1","N/A","0.21","2.63"%,
"Calle 14-Revista de investigacion en el Campo del Arte","CALLE 14","2011-3757","2145-0706","ART - ESCI","47","0.1","N/A","0.2","88.89"%,
"CENTRAL ASIATIC JOURNAL","CENT ASIATIC J","0008-9192","N/A","ASIAN STUDIES - AHCI","84","0.1","N/A","0.2","0"%,
"Aula Orientalis","AULA ORIENT","0212-5730","0212-5730","ASIAN STUDIES - AHCI","41","0.1","N/A","0.19","0"%,
"Australian and New Zealand Journal of Art","AUST NZ J ART","1443-4318","2203-1871","ART - ESCI","31","0.1","N/A","0.18","2.27"%,
"Review of Korean Studies","REV KOREAN STUD","1229-0076","1229-0076","ASIAN STUDIES - ESCI","57","0.1","N/A","0.18","0"%,
"Thresholds","THRESHOLDS-CAMBRIDGE","1091-711X","2572-7338","ART - ESCI","27","0.1","N/A","0.18","0"%,
"Archiv Orientalni","ARCH ORIENT","0044-8699","N/A","ASIAN STUDIES - AHCI","65","0.1","N/A","0.17","0"%,
"Arte y Ciudad-Revista de Investigacion","ARTE CIUDAD-REV INVE","2254-2930","2254-7673","ART - ESCI","15","0.1","N/A","0.16","75.86"%,
"BRAC-Barcelona Research Art Creation","BRAC-BARC RES ART CR","2014-8992","2014-8992","ART - ESCI","9","0.1","N/A","0.16","85.71"%,
"Korean Journal of Medical History","KOR J MED HIST","1225-505X","N/A","ASIAN STUDIES - AHCI","45","0.1","N/A","0.16","100"%,
"Sanat Tarihi Dergisi-Journal of Art History","SANAT TARIHI DERG","1300-5707","2636-8064","ART - ESCI","39","0.1","N/A","0.16","100"%,
"AM Journal of Art and Media Studies","AM J ART MEDIA STUD","2217-9666","2406-1654","ART - ESCI","31","0.1","N/A","0.14","87.85"%,
"Boletin de Arte-UMA","BOL ARTE-UMA","0211-8483","0211-8483","ART - ESCI","12","0.1","N/A","0.13","95.65"%,
"Afterall","AFTERALL","1465-4253","2156-4914","ART - AHCI","93","0.1","N/A","0.12","0"%,
"Fotocinema-Revista Cientifica de Cine y Fotografia","FOTOCINEMA","2172-0150","2172-0150","ART - ESCI","39","0.1","N/A","0.12","28.7"%,
"Indian Historical Review","INDIAN HIST REV","0376-9836","0975-5977","ASIAN STUDIES - AHCI","95","0.1","N/A","0.12","0"%,
"Turkic Languages","TURK LANG","1431-4983","1431-4983","ASIAN STUDIES - AHCI","56","0.1","N/A","0.12","0"%,
"Zivot Umjetnosti","ZIV UMJET","0514-7794","1849-2207","ART - AHCI","7","0.1","N/A","0.12","77.78"%,
"ARCHIVES OF AMERICAN ART JOURNAL","ARCH AM ART J","0003-9853","2327-0667","ART - AHCI","30","0.1","N/A","0.08","0"%,
"Perspective-Actualite en Histoire de L Art","PERSPECT-ACTUAL HIST","1777-7852","1777-7852","ART - AHCI","24","0.1","N/A","0.08","0"%,
"WAFFEN-UND KOSTUMKUNDE","WAFFEN-KOSTUMKUNDE","0042-9945","N/A","ART - AHCI","6","0.1","N/A","0.08","0"%,
"Laboratorio de Arte","LAB ARTE","1130-5762","2253-8305","ART - ESCI","89","0.1","N/A","0.07","100"%,
"Osmanli Arastirmalari-The Journal of Ottoman Studies","OSMAN ARASTIRMALARI","0255-0636","0255-0636","ASIAN STUDIES - AHCI","91","0.1","N/A","0.07","0"%,
"Taiwan Journal of East Asian Studies","TAIWAN J E ASIA STUD","1812-6243","1812-6243","ASIAN STUDIES - ESCI","15","0.1","N/A","0.07","0"%,
"Portal-Godisnjak Hrvatskog Restauratorskog Zavoda","PORTAL-CROATIA","1847-9464","1848-6681","ART - ESCI","32","0.1","N/A","0.06","0"%,
"Zbornik Matice Srpske za Likovne Umetnosti-Matica Srpska Journal for Fine Arts","ZB MATICE SRP LIKOVN","0352-6844","0352-6844","ART - ESCI","96","0.1","N/A","0.06","0"%,
"Anadolu Universitesi Sanat & Tasarim Dergisi-Anadolu University Journal of Art & Design","ANADOLU UNIV SANAT T","2146-9059","2146-9059","ART - ESCI","26","0.1","N/A","0.04","0"%,
"APERTURE","APERTURE","0003-6420","0003-6420","ART - AHCI","31","0.1","N/A","0.02","0"%,
"Quintana-Revista do Departamento de Historia da Arte","QUINTANA","1579-7414","2340-0005","ART - ESCI","24","0.1","N/A","0.01","96.3"%,
"APOLLO-The International Art Magazine","APOLLO-UK","0003-6536","0003-6536","ART - AHCI","39","0.1","N/A","0","0"%,
"GOYA","GOYA","0017-2715","N/A","ART - AHCI","66","0.1","N/A","0","0"%,
"JAHRBUCH DER BERLINER MUSEEN","JAHRB BERLIN MUSEEN","0075-2207","N/A","ART - AHCI","28","0.1","N/A","0","0"%,
"Bamboo and Silk","BAMBOO SILK","2468-9238","2468-9246","ASIAN STUDIES - ESCI","8","<0.1","N/A","0.45","0"%,
"HARVARD JOURNAL OF ASIATIC STUDIES","HARVARD J ASIAT STUD","0073-0548","1944-6454","ASIAN STUDIES - AHCI","384","<0.1","N/A","0.36","0"%,
"MITTEILUNGEN DES KUNSTHISTORISCHEN INSTITUTES IN FLORENZ","MITT KUNSTHIST I FLO","0342-1201","N/A","ART - AHCI","73","<0.1","N/A","0.32","0"%,
"Umeni-Art","UMENI-ART","0049-5123","1804-6509","ART - AHCI","21","<0.1","N/A","0.22","0"%,
"Chung Wai Literary Quarterly","CHUNG WAI LIT Q","0303-0849","0303-0849","ASIAN STUDIES - ESCI","17","<0.1","N/A","0.18","0"%,
"Journal of Illustration","J ILLUS","2052-0204","2052-0212","ART - ESCI","3","<0.1","N/A","0.16","0"%,
"Res Mobilis-International Research Journal of Furniture and Decorative Objects","RES MOBILIS","2255-2057","2255-2057","ART - ESCI","13","<0.1","N/A","0.15","0"%,
"South African Journal of Art History","SOUTH AFR J ART HIST","0258-3542","0258-3542","ART - ESCI","30","<0.1","N/A","0.15","0"%,
"Lino - Revista Anual de Historia del Arte","LINO REV ANU HIST AR","0211-2574","2341-1139","ART - ESCI","10","<0.1","N/A","0.13","0"%,
"Artibus et Historiae","ARTIBUS HIST","0391-9064","N/A","ART - AHCI","107","<0.1","N/A","0.12","0"%,
"International Journal of Persian Literature","INT J PERSIAN LIT","2376-5739","2376-5755","ASIAN STUDIES - ESCI","1","<0.1","N/A","0.12","0"%,
"REVUE DES MUSEES DE FRANCE-REVUE DU LOUVRE","REV MUS FR-REV LOUVR","1962-4271","N/A","ART - AHCI","6","<0.1","N/A","0.1","0"%,
"Iconographica","ICONOGRAPHICA","1720-1764","1720-1764","ART - ESCI","11","<0.1","N/A","0.09","0"%,
"Intrecci d Arte","INTRECCI ARTE","2240-7251","2240-7251","ART - ESCI","3","<0.1","N/A","0.08","0"%,
"Art Style","ART STYLE","2596-1802","2596-1810","ART - ESCI","2","<0.1","N/A","0.07","0"%,
"AusArt","AUSART","2340-9134","2340-8510","ART - ESCI","7","<0.1","N/A","0.07","95"%,
"INTERNATIONAL REVIEW OF AFRICAN AMERICAN ART","INT REV AFR AM ART","1045-0920","N/A","ART - AHCI","13","<0.1","N/A","0.07","0"%,
"CRITICA D ARTE","CRITICA ARTE","0011-1511","N/A","ART - AHCI","21","<0.1","N/A","0.05","0"%,
"IKON-Journal of Iconographic Studies","IKON-J ICONOGR STUD","1846-8551","1846-8551","ART - ESCI","18","<0.1","N/A","0.05","0"%,
"WOMANS ART JOURNAL","WOMAN ART J","0270-7993","2158-8457","ART - AHCI","50","<0.1","N/A","0.05","0"%,
"BULLETIN OF THE INSTITUTE OF HISTORY AND PHILOLOGY ACADEMIA SINICA","B INST HIST PHILOL","1012-4195","N/A","ASIAN STUDIES - AHCI","40","<0.1","N/A","0.04","0"%,
"Ars Adriatica","ARS ADRIAT","1848-1590","1848-7459","ART - ESCI","3","<0.1","N/A","0.03","91.67"%,
"Du","DU-Z KULTUR","0012-6837","0012-6837","ART - AHCI","5","<0.1","N/A","0.03","0"%,
"Imafronte-Revista de Historia del Arte","IMAFRONTE","0213-392X","1989-4562","ART - ESCI","13","<0.1","N/A","0.03","87.1"%,
"RICERCHE DI STORIA DELL ARTE","RIC STOR ARTE","0392-7202","0392-7202","ART - AHCI","10","<0.1","N/A","0.03","0"%,
"Ars Bilduma","ARS BILDUMA","1989-9262","1989-9262","ART - ESCI","4","<0.1","N/A","0.02","89.29"%,
"REVUE DE L ART","REV ART","0035-1326","N/A","ART - AHCI","36","<0.1","N/A","0.02","0"%,
"Advances in Astronomy and Space Physics","ADV ASTRON SPACE PHY","2227-1481","2227-1481","ASTRONOMY & ASTROPHYSICS - ESCI","16","<0.1","N/A","0.01","0"%,
"PROSPETTIVA-RIVISTA DI STORIA DELL ARTE ANTICA E MODERNA","PROSPETTIVA","0394-0802","2239-7205","ART - AHCI","52","<0.1","N/A","0.01","0"%,
"Boletin de Arte","BOL ARTE-ARGENTINA","2314-2502","2314-2502","ART - ESCI","1","<0.1","N/A","0","90.91"%,
"CONNAISSANCE DES ARTS","CONNAISSANCE ARTS","0293-9274","N/A","ART - AHCI","10","<0.1","N/A","0","0"%,
"Eidola-International Journal of Classical Art History","EIDOLA","1824-6192","1826-719X","ART - ESCI","6","<0.1","N/A","0","0"%,
"Journal of Art History-Sanat Tarihi Yilligi","J ART HIST-SANAT TAR","0579-4080","2717-6940","ART - ESCI","4","<0.1","N/A","0","87.18"%,
"Rivista d Arte","RIV ARTE","1122-0732","2240-5550","ART - ESCI","3","<0.1","N/A","0","0"%,
"SCULPTURE REVIEW","SCULPT REV","0747-5284","2632-3494","ART - AHCI","3","<0.1","N/A","0","0"%,
"STORIA DELL ARTE","STORIA ARTE","0392-4513","N/A","ART - AHCI","47","<0.1","N/A","0","0"%,
"Sztuka i Dokumentacja-Art & Documentation","SZT DOK","2080-413X","2080-413X","ART - ESCI","3","<0.1","N/A","0","0"%,
"CERAMICS-ART AND PERCEPTION","CERAMICS-ART PERCEPT","1035-1841","1035-1841","ART - AHCI","5","N/A","N/A","0.04","0"%,
"Chinese Literature and Thought Today","CHIN LIT THOUGHT TOD","2768-3524","2768-3532","ASIAN STUDIES - AHCI",0,"N/A","N/A","N/A","0"%,

Copyright (c) 2024 Clarivate 
By exporting the selected data; you agree to the data usage policy set forth in the Terms of Use 
